<spawnpoints>
    <spawnpoint position="2054,35,1828" rotation="0,9.908902,0"/>
    <spawnpoint position="487.1958,36.1559,1922.767" rotation="0,355.5457,0"/>
    <spawnpoint position="1982.038,35.20001,1079.188" rotation="0,30.92499,0"/>
    <spawnpoint position="-1464.48,37.01771,1644.682" rotation="0,80.11967,0"/>
    <spawnpoint position="1988.416,35.20441,2280.481" rotation="0,278.6908,0"/>
    <spawnpoint position="2004,34.99957,1330.399" rotation="0,203.3591,0"/>
    <spawnpoint position="2386.322,34.80491,2439.508" rotation="0,321.2955,0"/>
    <spawnpoint position="2054,35,1985" rotation="0,57.94596,0"/>
    <spawnpoint position="-1396,37,1638" rotation="0,31.84407,0"/>
    <spawnpoint position="-36,36.81709,-493.6001" rotation="0,213.4165,0"/>
    <spawnpoint position="2152.8,36.79997,908" rotation="0,43.67302,0"/>
    <spawnpoint position="1818.383,36.31343,2309.513" rotation="0,186.3134,0"/>
    <spawnpoint position="436,36,1886" rotation="0,114.5232,0"/>
    <spawnpoint position="1258.4,36.84697,835.9814" rotation="0,303.0931,0"/>
    <spawnpoint position="1588,35,868" rotation="0,45.32639,0"/>
    <spawnpoint position="-1623.585,39.52237,1656.976" rotation="0,309.0117,0"/>
</spawnpoints>
