<spawnpoints>
    <spawnpoint position="1067.819,35,-2279.206" rotation="0,255.744,0"/>
    <spawnpoint position="1901.184,36.09847,-585.8486" rotation="0,54.04051,0"/>
    <spawnpoint position="2271.181,35.77162,-1161.428" rotation="0,282.3745,0"/>
    <spawnpoint position="1295.079,36.27108,-269.6094" rotation="0,191.5191,0"/>
    <spawnpoint position="987.999,36.99828,-439.2002" rotation="0,130.7301,0"/>
    <spawnpoint position="48.81714,36.64166,-1340.832" rotation="0,340.9419,0"/>
    <spawnpoint position="228,36.09494,-2148" rotation="0,199.9622,0"/>
    <spawnpoint position="1781.593,36.06823,-595.4509" rotation="0,80.18913,0"/>
    <spawnpoint position="-733.5933,36.33076,-1523.202" rotation="0,12.73124,0"/>
    <spawnpoint position="1328.8,35.46495,-2276" rotation="0,198.1064,0"/>
    <spawnpoint position="1495.176,36.86084,-469.2739" rotation="0,343.7637,0"/>
    <spawnpoint position="2220,36.8814,-749.6001" rotation="0,5.150625,0"/>
    <spawnpoint position="987.3813,37.02335,-492" rotation="0,140.4463,0"/>
</spawnpoints>
