<spawnpoints>
    <spawnpoint position="640.8003,35,-2164" rotation="0,310.19,0"/>
    <spawnpoint position="1888.723,36.08772,-593.0254" rotation="0,37.79627,0"/>
    <spawnpoint position="1068.634,35,-2239.092" rotation="0,324.6158,0"/>
    <spawnpoint position="-651.8926,35.99998,-1444.285" rotation="0,133.8838,0"/>
    <spawnpoint position="12.0481,36,-1765.574" rotation="0,79.23965,0"/>
    <spawnpoint position="1035.89,34.99973,-2314.222" rotation="0,26.22634,0"/>
    <spawnpoint position="2242.401,42.63906,-1349.581" rotation="0,189.872,0"/>
    <spawnpoint position="2198.803,36.5176,-991.5283" rotation="0,254.3101,0"/>
    <spawnpoint position="685.2739,37.00055,-1087.176" rotation="0,339.494,0"/>
    <spawnpoint position="1415.2,36.89164,-391.2002" rotation="0,204.1135,0"/>
    <spawnpoint position="1916,36,-500" rotation="0,337.2069,0"/>
    <spawnpoint position="1966.153,36.96597,-845.6162" rotation="0,268.5319,0"/>
    <spawnpoint position="670.7808,36.91508,-1136.472" rotation="0,218.2557,0"/>
    <spawnpoint position="1284.324,36.20016,-248.8083" rotation="0,68.68792,0"/>
    <spawnpoint position="2252.057,35.78106,-1165.599" rotation="0,349.0295,0"/>
    <spawnpoint position="2220.001,36.2932,-1047.2" rotation="0,203.9174,0"/>
    <spawnpoint position="284,35.88904,-2148" rotation="0,94.32771,0"/>
</spawnpoints>
