<spawnpoints>
    <spawnpoint position="1068.057,35,-2274.401" rotation="0,9.987567,0"/>
    <spawnpoint position="468,35.06093,-2168.741" rotation="0,49.69156,0"/>
    <spawnpoint position="1898.126,36.09847,-588.2358" rotation="0,253.8716,0"/>
    <spawnpoint position="1283.958,36.16838,-239.2004" rotation="0,203.1722,0"/>
    <spawnpoint position="1709.6,36.33083,-476" rotation="0,45.71462,0"/>
    <spawnpoint position="2164,36.59138,-1042.4" rotation="0,165.9321,0"/>
    <spawnpoint position="1543.2,35.62404,-2276" rotation="0,192.2034,0"/>
    <spawnpoint position="76,36.17018,-2123.715" rotation="0,350.0453,0"/>
    <spawnpoint position="688.5049,36.99289,-1093.588" rotation="0,222.5729,0"/>
    <spawnpoint position="376.7998,37.27525,-1172.007" rotation="0,71.51401,0"/>
    <spawnpoint position="1650.4,35.82924,-2276" rotation="0,300.9884,0"/>
    <spawnpoint position="1700,35.67915,-2276" rotation="0,123.5742,0"/>
    <spawnpoint position="1850.4,36.56343,-2276" rotation="0,308.819,0"/>
    <spawnpoint position="1301.6,35.71007,-2276" rotation="0,88.78064,0"/>
    <spawnpoint position="1783.191,36.06823,-595.6755" rotation="0,45.95858,0"/>
    <spawnpoint position="1312.962,36.59739,-288.802" rotation="0,195.9973,0"/>
    <spawnpoint position="1013.593,35,-2315.866" rotation="0,317.678,0"/>
    <spawnpoint position="1005.6,36.03394,-1132" rotation="0,243.4656,0"/>
    <spawnpoint position="1764,36.13054,-708" rotation="0,202.1408,0"/>
    <spawnpoint position="61.604,36.56871,-1329.837" rotation="0,199.9622,0"/>
</spawnpoints>
