<spawnpoints>
    <spawnpoint position="-82.43311,36,1452.461" rotation="0,217.1008,0"/>
    <spawnpoint position="2110.571,36.24451,88.81934" rotation="0,151.4144,0"/>
    <spawnpoint position="2284,35,1758" rotation="0,156.4644,0"/>
    <spawnpoint position="599.2007,36.01057,1452" rotation="0,179.1248,0"/>
    <spawnpoint position="2204,36.98475,-759.2" rotation="0,145.4723,0"/>
    <spawnpoint position="2061.285,35.00443,2053.836" rotation="0,297.5047,0"/>
    <spawnpoint position="2195.41,36.12546,205.6553" rotation="0,214.1084,0"/>
    <spawnpoint position="1772,35.00288,1143.258" rotation="0,201.8964,0"/>
    <spawnpoint position="2349.513,35.00365,1762.65" rotation="0,135.8785,0"/>
    <spawnpoint position="2198.228,36.42923,-472.7798" rotation="0,228.6167,0"/>
    <spawnpoint position="280.7998,37.11229,1452" rotation="0,118.8473,0"/>
    <spawnpoint position="2220,36.33365,543.1997" rotation="0,37.14991,0"/>
    <spawnpoint position="2499.666,35.92311,2133.6" rotation="0,108.0931,0"/>
    <spawnpoint position="-124,35.84025,2119.2" rotation="0,358.497,0"/>
    <spawnpoint position="1988,35.67899,356" rotation="0,54.30674,0"/>
    <spawnpoint position="1829.294,36.09336,1018.137" rotation="0,173.1403,0"/>
    <spawnpoint position="772,35.54245,1452" rotation="0,77.17027,0"/>
    <spawnpoint position="2220,35,1396" rotation="0,137.0704,0"/>
    <spawnpoint position="2220,36.51811,647.2" rotation="0,295.7774,0"/>
    <spawnpoint position="2107.911,36.05204,-50.40015" rotation="0,289.4713,0"/>
</spawnpoints>
