<spawnpoints>
    <spawnpoint position="807.2,35.60014,1452" rotation="0,46.89174,0"/>
    <spawnpoint position="2107.508,35.95154,-64.80078" rotation="0,114.4004,0"/>
    <spawnpoint position="2346.454,35.00365,1763.457" rotation="0,87.30602,0"/>
    <spawnpoint position="2200.491,36.44394,-477.5896" rotation="0,195.8255,0"/>
    <spawnpoint position="2197.6,36.09886,-68" rotation="0,33.98238,0"/>
    <spawnpoint position="228,37.20143,1452" rotation="0,146.5769,0"/>
    <spawnpoint position="2220,35.00446,1314.4" rotation="0,146.7539,0"/>
    <spawnpoint position="212,35.0147,2231.2" rotation="0,75.39698,0"/>
    <spawnpoint position="-102.9756,36.45066,1199.186" rotation="0,307.4477,0"/>
    <spawnpoint position="2220,36.30325,919.2002" rotation="0,316.5212,0"/>
    <spawnpoint position="2244,36.50908,-68.00562" rotation="0,308.9251,0"/>
    <spawnpoint position="1282.412,36.60581,1448.491" rotation="0,288.0497,0"/>
    <spawnpoint position="2204,36.86372,-575.2" rotation="0,352.818,0"/>
    <spawnpoint position="236,36.91056,1640.8" rotation="0,269.7778,0"/>
    <spawnpoint position="2220,36.38383,528.8003" rotation="0,210.7765,0"/>
    <spawnpoint position="-84,36,1452" rotation="0,217.3592,0"/>
    <spawnpoint position="2204,36.80368,-677.5999" rotation="0,69.08494,0"/>
    <spawnpoint position="1316,36.07018,1951.2" rotation="0,63.50475,0"/>
    <spawnpoint position="236,35.6915,1968.8" rotation="0,25.73283,0"/>
    <spawnpoint position="1315.999,36.00438,1908" rotation="0,252.5495,0"/>
    <spawnpoint position="1446,43,-597" rotation="0,214.9988,0"/>
    <spawnpoint position="2365.481,35.00386,1612" rotation="0,1.229092,0"/>
    <spawnpoint position="1367.198,36.29021,2135.038" rotation="0,298.1199,0"/>
    <spawnpoint position="1768.752,35.06216,1143.645" rotation="0,127.5582,0"/>
</spawnpoints>
